source_id,institution_id,release_year,atmos_model,ocean_model,land_model,ocnBgchem_model,aerosol_model,atmosChem_model,seaIce_model,landIce_model
ACCESS-CM2,CSIRO-ARCCSS-BoM,2018,MetUM-HadGEM3-GA7.1 (N96; 192 x 144 longitude/latitude; 85 levels; top level 85 km),"ACCESS-OM2 (GFDL-MOM5, tripolar primarily 1deg; 360 x 300 longitude/latitude; 50 levels; top grid cell 0-10 m)",CABLE2.3.5,none,UKCA-GLOMAP-mode,none,CICE5.1 (same grid as ocean),none
ACCESS-ESM1-5,CSIRO,2018,"HadGAM2 (r1.1, N96; 192 x 145 longitude/latitude; 38 levels; top level 39255 m)","ACCESS-OM2 (MOM5, tripolar primarily 1deg; 360 x 300 longitude/latitude; 50 levels; top grid cell 0-10 m)",CABLE2.2.3,WOMBAT1.0 (same grid as ocean),CLASSIC (v1.0),none,CICE5.1 (same grid as ocean),none
AWI-CM-1-1-HR,AWI,2018,ECHAM6.3.04p1 (T127L95 native atmosphere T127 gaussian grid; 384 x 192 longitude/latitude; 95 levels; top level 80 km),FESOM 1.4 (unstructured grid in the horizontal with 1306775 wet nodes; 46 levels; top grid cell 0-5 m),JSBACH 3.20,none,none,none,FESOM 1.4,none
AWI-CM-1-1-LR,AWI,2018,ECHAM6.3.04p1 (T63L47 native atmosphere T63 gaussian grid; 192 x 96 longitude/latitude; 47 levels; top level 80 km),FESOM 1.4 (unstructured grid in the horizontal with 126859 wet nodes; 46 levels; top grid cell 0-5 m),JSBACH 3.20,none,none,none,FESOM 1.4,none
AWI-CM-1-1-MR,AWI,2018,ECHAM6.3.04p1 (T127L95 native atmosphere T127 gaussian grid; 384 x 192 longitude/latitude; 95 levels; top level 80 km),FESOM 1.4 (unstructured grid in the horizontal with 830305 wet nodes; 46 levels; top grid cell 0-5 m),JSBACH 3.20,none,none,none,FESOM 1.4,none
AWI-ESM-1-1-LR,AWI,2018,ECHAM6.3.04p1 (T63L47 native atmosphere T63 gaussian grid; 192 x 96 longitude/latitude; 47 levels; top level 80 km),FESOM 1.4 (unstructured grid in the horizontal with 126859 wet nodes; 46 levels; top grid cell 0-5 m),JSBACH 3.20 with dynamic vegetation,none,none,none,FESOM 1.4,none
AWI-ESM-2-1-LR,AWI,2019,ECHAM6.3.04p1 (T63L47 native atmosphere T63 gaussian grid; 192 x 96 longitude/latitude; 47 levels; top level 80 km),FESOM 2 (unstructured grid in the horizontal with 126858 wet nodes; 48 levels; top grid cell 0-5 m),JSBACH 3.20 with dynamic vegetation,none,none,none,FESOM 2,none
BCC-CSM2-HR,BCC,2017,BCC_AGCM3_HR (T266; 800 x 400 longitude/latitude; 56 levels; top level 0.1 hPa),"MOM4 (1/3 deg 10S-10N, 1/3-1 deg 10-30 N/S, and 1 deg in high latitudes; 360 x 232 longitude/latitude; 40 levels; top grid cell 0-10 m)",BCC_AVIM2,none,none,none,SIS2,none
BCC-CSM2-MR,BCC,2017,BCC_AGCM3_MR (T106; 320 x 160 longitude/latitude; 46 levels; top level 1.46 hPa),"MOM4 (1/3 deg 10S-10N, 1/3-1 deg 10-30 N/S, and 1 deg in high latitudes; 360 x 232 longitude/latitude; 40 levels; top grid cell 0-10 m)",BCC_AVIM2,none,none,none,SIS2,none
BCC-ESM1,BCC,2017,BCC_AGCM3_LR (T42; 128 x 64 longitude/latitude; 26 levels; top level 2.19 hPa),"MOM4 (1/3 deg 10S-10N, 1/3-1 deg 10-30 N/S, and 1 deg in high latitudes; 360 x 232 longitude/latitude; 40 levels; top grid cell 0-10 m)",BCC_AVIM2,none,none,BCC-AGCM3-Chem,SIS2,none
BESM-2-9,INPE,2019,"BAM (v1.0, T062L42; 192 x 96 longitude/latitude; 42 levels; top level 3 hPa)","MOM-5 (MOM5, tripolar, primarily 1 deg, 1/4 deg between 22.5S-22.5N, downgrading from 1/4 deg at 22.5N(S) to 1 deg at 45N(S), 1 deg between 22.5N(S) and 45N(S), upgrading from 1 deg at 45N(S) to 0.5 deg at 90N(S) ; 360 x 192 longitude/latitude; 50 levels; top grid cell 0-10 m)",SSiB 2.0,TOPAZ 2.0,none,none,SIS 1.0,none
BNU-ESM-1-1,BNU,2016,CAM4 (2deg; 144 x 96 longitude/latitude; 26 levels; top level 2.194 mb),"MOM4p1 (tripolar, primarily 1deg latitude/longitude, down to 1/3deg within 30deg of the equatorial tropics; 360 x 200 longitude/latitude; 50 levels; top grid cell 0-10 m)",CoLM version 2014 with carbon-nitrogen interactions,Dynamic ecosystem-carbon model version 1,CAM-chem; semi-interactive,none,CICE4.1,none
CAMS-CSM1-0,CAMS,2016,ECHAM5_CAMS (T106; 320 x 160 longitude/latitude; 31 levels; top level 10 mb),"MOM4 (tripolar; 360 x 200 longitude/latitude, primarily 1deg latitude/longitude, down to 1/3deg within 30deg of the equatorial tropics; 50 levels; top grid cell 0-10 m)",CoLM 1.0,none,none,none,SIS 1.0,none
CanESM5,CCCma,2019,"CanAM5 (T63L49 native atmosphere, T63 Linear Gaussian Grid; 128 x 64 longitude/latitude; 49 levels; top level 1 hPa)","NEMO3.4.1 (ORCA1 tripolar grid, 1 deg with refinement to 1/3 deg within 20 degrees of the equator; 361 x 290 longitude/latitude; 45 vertical levels; top grid cell 0-6.19 m)",CLASS3.6/CTEM1.2,Canadian Model of Ocean Carbon (CMOC); NPZD ecosystem with OMIP prescribed carbonate chemistry,interactive,specified oxidants for aerosols,LIM2,specified ice sheets
CanESM5-CanOE,CCCma,2019,"CanAM5 (T63L49 native atmosphere, T63 Linear Gaussian Grid; 128 x 64 longitude/latitude; 49 levels; top level 1 hPa)","NEMO3.4.1 (ORCA1 tripolar grid, 1 deg with refinement to 1/3 deg within 20 degrees of the equator; 361 x 290 longitude/latitude; 45 vertical levels; top grid cell 0-6.19 m)",CLASS3.6/CTEM1.2,Canadian Ocean Ecosystem (CanOE) with OMIP prescribed carbon chemistry,interactive,specified oxidants for aerosols,LIM2,specified ice sheets
CAS-ESM1-0,CAS,2015,IAP AGCM4.1 (Finite difference dynamical core; 256 x 128 longitude/latitude; 30 levels; top level 2.2 hPa),"LICOM2.0 (LICOM2.0, primarily 1deg; 362 x 196 longitude/latitude; 30 levels; top grid cell 0-10 m)",CoLM,IAP OBGCM,IAP AACM,IAP AACM,CICE4,none
CESM2,NCAR,2018,CAM6 (0.9x1.25 finite volume grid; 288 x 192 longitude/latitude; 32 levels; top level 2.25 mb),POP2 (320x384 longitude/latitude; 60 levels; top grid cell 0-10 m),CLM5 (same grid as atmos),MARBL (same grid as ocean),MAM4 (same grid as atmos),MAM4 (same grid as atmos),CICE5.1 (same grid as ocean),CISM2.1
CESM2-FV2,NCAR,2019,CAM6 (1.9x2.5 finite volume grid; 144 x 96 longitude/latitude; 32 levels; top level 2.25 mb),POP2 (320x384 longitude/latitude; 60 levels; top grid cell 0-10 m),CLM5 (same grid as atmos),MARBL (same grid as ocean),MAM4 (same grid as atmos),MAM4 (same grid as atmos),CICE5.1 (same grid as ocean),CISM2.1
CESM2-SE,NCAR,2019,CAM6 (0.25 degree spectral element; 777602 cells; 30 levels; top level 2.25 mb),POP2 (320 x 384 longitude/latitude; 60 levels; top grid cell 0-10 m),CLM5 (same grid as atmos),MARBL (same grid as ocean),MAM4 (same grid as atmos),MAM4 (same grid as atmos),CICE5.1 (same grid as ocean),CISM2.1
CESM2-WACCM,NCAR,2018,WACCM6 (0.9x1.25 finite volume grid; 288 x 192 longitude/latitude; 70 levels; top level 4.5e-06 mb),POP2 (320 x 384 longitude/latitude; 60 levels; top grid cell 0-10 m),CLM5 (same grid as atmos),MARBL (same grid as ocean),MAM4 (same grid as atmos),MAM4 (same grid as atmos),CICE5.1 (same grid as ocean),CISM2.1
CESM2-WACCM-FV2,NCAR,2019,WACCM6 (1.9x2.5 finite volume grid; 144 x 96 longitude/latitude; 70 levels; top level 4.5e-06 mb),POP2 (320x384 longitude/latitude; 60 levels; top grid cell 0-10 m),CLM5 (same grid as atmos),MARBL (same grid as ocean),MAM4 (same grid as atmos),MAM4 (same grid as atmos),CICE5.1 (same grid as ocean),CISM2.1
CIESM,THU,2017,CIESM-AM (FV/FD; 288 x 192 longitude/latitude; 30 levels; top level 2.255 hPa),"CIESM-OM (FD, SCCGrid Displaced Pole; 720 x 560 longitude/latitude; 46 levels; top grid cell 0-6 m)",CIESM-LM (modified CLM4.5),none,MAM4,trop_mam4,CICE4,none
CMCC-CM2-HR4,CMCC,2016,CAM4 (1deg; 288 x 192 longitude/latitude; 26 levels; top at ~2 hPa),NEMO3.6 (ORCA0.25 1/4 deg from the Equator degrading at the poles; 1442 x 1051 longitude/latitude; 50 vertical levels; top grid cell 0-1 m),CLM4.5 (SP mode),none,prescribed MACv2-SP,none,CICE4.0,none
CMCC-CM2-HR5,CMCC,2017,CAM5.3 (1deg; 288 x 192 longitude/latitude; 30 levels; top at ~2 hPa),NEMO3.6 (ORCA0.25 1/4 deg from the Equator degrading at the poles; 1442 x 1051 longitude/latitude; 50 vertical levels; top grid cell 0-1 m),CLM4.5 (BGC mode),none,MAM3,none,CICE4.0,none
CMCC-CM2-SR5,CMCC,2016,CAM5.3 (1deg; 288 x 192 longitude/latitude; 30 levels; top at ~2 hPa),NEMO3.6 (ORCA1 tripolar primarly 1 deg lat/lon with meridional refinement down to 1/3 degree in the tropics; 362 x 292 longitude/latitude; 50 vertical levels; top grid cell 0-1 m),CLM4.5 (BGC mode),none,MAM3,none,CICE4.0,none
CMCC-CM2-VHR4,CMCC,2017,CAM4 (1/4deg; 1152 x 768 longitude/latitude; 26 levels; top at ~2 hPa),NEMO3.6 (ORCA0.25 1/4 deg from the Equator degrading at the poles; 1442 x 1051 longitude/latitude; 50 vertical levels; top grid cell 0-1 m),CLM4.5 (SP mode),none,prescribed MACv2-SP,none,CICE4.0,none
CMCC-ESM2-HR5,CMCC,2017,CAM5.3 (1deg; 288 x 192 longitude/latitude; 30 levels; top at ~2 hPa),NEMO3.6 (ORCA0.25 1/4 deg from the Equator degrading at the poles; 1442 x 1051 longitude/latitude; 50 vertical levels; top grid cell 0-1 m),CLM4.5 (BGC mode),BFM5.1,MAM3,none,CICE4.0,none
CMCC-ESM2-SR5,CMCC,2017,CAM5.3 (1deg; 288 x 192 longitude/latitude; 30 levels; top at ~2 hPa),NEMO3.6 (ORCA1 tripolar primarly 1 deg lat/lon with meridional refinement down to 1/3 degree in the tropics; 362 x 292 longitude/latitude; 50 vertical levels; top grid cell 0-1 m),CLM4.5 (BGC mode),BFM5.1,MAM3,none,CICE4.0,none
CNRM-CM6-1,CNRM-CERFACS,2017,Arpege 6.3 (T127; Gaussian Reduced with 24572 grid points in total distributed over 128 latitude circles (with 256 grid points per latitude circle between 30degN and 30degS reducing to 20 grid points per latitude circle at 88.9degN and 88.9degS); 91 levels; top level 78.4 km),"Nemo 3.6 (eORCA1, tripolar primarily 1deg; 362 x 294 longitude/latitude; 75 levels; top grid cell 0-1 m)",Surfex 8.0c,none,prescribed monthly fields computed by TACTIC_v2 scheme,OZL_v2,Gelato 6.1,none
CNRM-CM6-1-HR,CNRM-CERFACS,2017,Arpege 6.3 (T359; Gaussian Reduced with 181724 grid points in total distributed over 360 latitude circles (with 720 grid points per latitude circle between 32.2degN and 32.2degS reducing to 18 grid points per latitude circle at 89.6degN and 89.6degS); 91 levels; top level 78.4 km),"Nemo 3.6 (eORCA025, tripolar primarily 1/4deg; 1442 x 1050 longitude/latitude; 75 levels; top grid cell 0-1 m)",Surfex 8.0c,none,prescribed monthly fields computed by TACTIC_v2 scheme,OZL_v2,Gelato 6.1,none
CNRM-ESM2-1,CNRM-CERFACS,2017,Arpege 6.3 (T127; Gaussian Reduced with 24572 grid points in total distributed over 128 latitude circles (with 256 grid points per latitude circle between 30degN and 30degS reducing to 20 grid points per latitude circle at 88.9degN and 88.9degS); 91 levels; top level 78.4 km),"Nemo 3.6 (eORCA1, tripolar primarily 1deg; 362 x 294 longitude/latitude; 75 levels; top grid cell 0-1 m)",Surfex 8.0c,Pisces 2.s,TACTIC_v2,REPROBUS-C_v2,Gelato 6.1,none
CNRM-ESM2-1-HR,CNRM-CERFACS,2017,Arpege 6.3 (T359; Gaussian Reduced with 181724 grid points in total distributed over 360 latitude circles (with 720 grid points per latitude circle between 32.2degN and 32.2degS reducing to 18 grid points per latitude circle at 89.6degN and 89.6degS); 91 levels; top level 78.4 km),"Nemo 3.6 (eORCA025, tripolar primarily 1/4deg; 1442 x 1050 longitude/latitude; 75 levels; top grid cell 0-1 m)",Surfex 8.0c,Pisces 2.s,TACTIC_v2,REPROBUS-C_v2,Gelato 6.1,none
CSIRO-Mk3L-1-3,UTAS,2006,unnamed (R21; 64 x 56 longitude/latitude; 18 levels; top level 36355 m),MOM1.x (128 x 112 longitude/latitude; 31 levels; top grid cell 0-10 m; bottom grid cell 4600-5000 m),unnamed,none,none,none,unnamed (same grid as atmosphere),none
E3SM-1-0,E3SM-Project,2018,"EAM (v1.0, cubed sphere spectral-element grid; 5400 elements with p=3; 1 deg average grid spacing; 90 x 90 x 6 longitude/latitude/cubeface; 72 levels; top level 0.1 hPa)","MPAS-Ocean (v6.0, oEC60to30 unstructured SVTs mesh with 235160 cells and 714274 edges, variable resolution 60 km to 30 km; 60 levels; top grid cell 0-10 m)","ELM (v1.0, cubed sphere spectral-element grid; 5400 elements with p=3; 1 deg average grid spacing; 90 x 90 x 6 longitude/latitude/cubeface; satellite phenology mode), MOSART (v1.0, 0.5 degree latitude/longitude grid)",none,"MAM4 with resuspension, marine organics, and secondary organics (same grid as atmos)",Troposphere specified oxidants for aerosols. Stratosphere linearized interactive ozone (LINOZ v2) (same grid as atmos),"MPAS-Seaice (v6.0, same grid as ocean)",none
EC-Earth3,EC-Earth-Consortium,2019,"IFS cy36r4 (TL255, linearly reduced Gaussian grid equivalent to 512 x 256 longitude/latitude; 91 levels; top level 0.01 hPa)",NEMO3.6 (ORCA1 tripolar primarily 1 deg with meridional refinement down to 1/3 degree in the tropics; 362 x 292 longitude/latitude; 75 levels; top grid cell 0-1 m),HTESSEL (land surface scheme built in IFS),none,none,none,LIM3,none
EC-Earth3-AerChem,EC-Earth-Consortium,2019,"IFS cy36r4 (TL255, linearly reduced Gaussian grid equivalent to 512 x 256 longitude/latitude; 91 levels; top level 0.01 hPa)",NEMO3.6 (ORCA1 tripolar primarily 1 degree with meridional refinement down to 1/3 degree in the tropics; 362 x 292 longitude/latitude; 75 levels; top grid cell 0-1 m),HTESSEL (land surface scheme built in IFS),none,TM5 (3 x 2 degrees; 120 x 90 longitude/latitude; 34 levels; top level: 0.1 hPa),TM5 (3 x 2 degrees; 120 x 90 longitude/latitude; 34 levels; top level: 0.1 hPa),LIM3,none
EC-Earth3-CC,EC-Earth-Consortium,2019,"IFS cy36r4 (TL255, linearly reduced Gaussian grid equivalent to 512 x 256 longitude/latitude; 91 levels; top level 0.01 hPa)",NEMO3.6 (ORCA1 tripolar primarily 1 degree with meridional refinement down to 1/3 degree in the tropics; 362 x 292 longitude/latitude; 75 levels; top grid cell 0-1 m),HTESSEL (land surface scheme built in IFS) and LPJ-GUESS v4,PISCES v2,none,TM5 (3 x 2 degrees; 120 x 90 longitude/latitude; 34 levels; top level: 0.1 hPa),LIM3,none
EC-Earth3-GrIS,EC-Earth-Consortium,2019,"IFS cy36r4 (TL255, linearly reduced Gaussian grid equivalent to 512 x 256 longitude/latitude; 91 levels; top level 0.01 hPa)",NEMO3.6 (ORCA1 tripolar primarily 1 degree with meridional refinement down to 1/3 degree in the tropics; 362 x 292 longitude/latitude; 75 levels; top grid cell 0-1 m),HTESSEL (land surface scheme built in IFS),none,none,none,LIM3,"PISM 0.7 (5 km x 5 km, 442 levels)"
EC-Earth3-HR,EC-Earth-Consortium,2019,"IFS cy36r4 (TL511, linearly reduced Gaussian grid equivalent to 1024 x 512 longitude/latitude; 91 levels; top level 0.01 hPa)",NEMO3.6 (ORCA025 tripolar primarily 0.25 degrees; 1442 x 1921 longitude/latitude; 75 levels; top grid cell 0-1 m),HTESSEL (land surface scheme built in IFS),none,none,none,LIM3,none
EC-Earth3-LR,EC-Earth-Consortium,2019,"IFS cy36r4 (TL159, linearly reduced Gaussian grid equivalent to 320 x 160 longitude/latitude; 62 levels; top level 5 hPa)",NEMO3.6 (ORCA1 tripolar primarily 1 degree with meridional refinement down to 1/3 degree in the tropics; 362 x 292 longitude/latitude; 75 levels; top grid cell 0-1 m),HTESSEL (land surface scheme built in IFS),none,none,none,LIM3,none
EC-Earth3-Veg,EC-Earth-Consortium,2019,"IFS cy36r4 (TL255, linearly reduced Gaussian grid equivalent to 512 x 256 longitude/latitude; 91 levels; top level 0.01 hPa)",NEMO3.6 (ORCA1 tripolar primarily 1 degree with meridional refinement down to 1/3 degree in the tropics; 362 x 292 longitude/latitude; 75 levels; top grid cell 0-1 m),HTESSEL (land surface scheme built in IFS) and LPJ-GUESS v4,none,none,none,LIM3,none
EC-Earth3-Veg-LR,EC-Earth-Consortium,2019,"IFS cy36r4 (TL159, linearly reduced Gaussian grid equivalent to 320 x 160 longitude/latitude; 62 levels; top level 5 hPa)",NEMO3.6 (ORCA1 tripolar primarily 1 degree with meridional refinement down to 1/3 degree in the tropics; 362 x 292 longitude/latitude; 75 levels; top grid cell 0-1 m),HTESSEL (land surface scheme built in IFS) and LPJ-GUESS v4,none,none,none,LIM3,none
EC-Earth3P,EC-Earth-Consortium,2017,"IFS cy36r4 (TL255, linearly reduced Gaussian grid equivalent to 512 x 256 longitude/latitude; 91 levels; top level 0.01 hPa)",NEMO3.6 (ORCA1 tripolar primarily 1 degree with meridional refinement down to 1/3 degree in the tropics; 362 x 292 longitude/latitude; 75 levels; top grid cell 0-1 m),HTESSEL (land surface scheme built in IFS),none,none,none,LIM3,none
EC-Earth3P-HR,EC-Earth-Consortium,2017,"IFS cy36r4 (TL511, linearly reduced Gaussian grid equivalent to 1024 x 512 longitude/latitude; 91 levels; top level 0.01 hPa)",NEMO3.6 (ORCA025; tripolar primarily 0.25 degrees; 1442 x 1921 longitude/latitude; 75 levels; top grid cell 0-1 m),HTESSEL (land surface scheme built in IFS),none,none,none,LIM3,none
EC-Earth3P-VHR,EC-Earth-Consortium,2017,"IFS cy36r4 (TL1279, linearly reduced Gaussian grid equivalent to 2560 x 1280 longitude/latitude; 91 levels; top level 0.01 hPa)",NEMO3.6 (ORCA012 tripolar primarily 0.08 degrees; 4322 x 3059 longitude/latitude; 75 levels; top grid cell 0-1 m),HTESSEL (land surface scheme built in IFS),none,none,none,LIM3,none
ECMWF-IFS-HR,ECMWF,2017,"IFS (IFS CY43R1, Tco399, cubic octahedral reduced Gaussian grid equivalent to 1600 x 800 longitude/latitude; 91 levels; top level 0.01 hPa)",NEMO3.4 (NEMO v3.4; ORCA025 tripolar grid; 1442 x 1021 longitude/latitude; 75 levels; top grid cell 0-1 m),HTESSEL (as implemented in IFS CY43R1),none,none,none,LIM2 (LIM v2; ORCA025 tripolar grid; 1442 x 1021 longitude/latitude),none
ECMWF-IFS-LR,ECMWF,2017,"IFS (IFS CY43R1, Tco199, cubic octahedral reduced Gaussian grid equivalent to 800 x 400 longitude/latitude; 91 levels; top level 0.01 hPa)",NEMO3.4 (NEMO v3.4; ORCA1 tripolar grid; 362 x 292 longitude/latitude; 75 levels; top grid cell 0-1 m),HTESSEL (as implemented in IFS CY43R1),none,none,none,LIM2 (LIM v2; ORCA1 tripolar grid; 362 x 292 longitude/latitude),none
ECMWF-IFS-MR,ECMWF,2017,"IFS (IFS CY43R1, Tco199, cubic octahedral reduced Gaussian grid equivalent to 800 x 400 longitude/latitude; 91 levels; top level 0.01 hPa)",NEMO3.4 (NEMO v3.4; ORCA025 tripolar grid; 1442 x 1021 longitude/latitude; 75 levels; top grid cell 0-1 m),HTESSEL (as implemented in IFS CY43R1),none,none,none,LIM2 (LIM v2; ORCA025 tripolar grid; 1442 x 1021 longitude/latitude),none
EMAC-2-53-Vol,MESSy-Consortium,2017,ECHAM5.3.02 (modified; spectral T42; 128 x 64 longitude/latitude; 47 levels; top level 0.01 hPa),"MPIOM 1.3.0-beta (bipolar GR1.5, approximately 1.5deg reducing toward the poles; 256 x 220 longitude/latitude; 40 levels; top grid cell 0-12 m)",same as Atmosphere,none,gmxe 2.2.x,MECCA 3.8.x,thermodynamic (Semtner zero-layer) dynamic (Hibler 79) sea ice model,none
EMAC-2-54-AerChem,MESSy-Consortium,2018,"ECHAM5.3.02 (modified, spectral T42; 128 x 64 longitude/latitude; 47 levels; top level 0.01 hPa)","MPIOM 1.3.0-beta (bipolar GR1.5, approximately 1.5deg; 256 x 220 longitude/latitude; 40 levels; top grid cell 0-12 m)",same as Atmosphere,none,gmxe 2.2.x,MECCA 3.8.x,thermodynamic (Semtner zero-layer) dynamic (Hibler 79) sea ice model,none
FGOALS-f3-H,CAS,2017,"FAMIL2.2 (Cubed-sphere, c384; 1440 x 720 longitude/latitude; 32 levels; top level 2.16 hPa)","LICOM3.0 (LICOM3.0, tripolar primarily 0.1deg; 3600 x 2302 longitude/latitude; 55 levels; top grid cell 0-5 m)",CLM4.0,none,none,none,CICE4.0,none
FGOALS-f3-L,CAS,2017,"FAMIL2.2 (Cubed-sphere, c96; 360 x 180 longitude/latitude; 32 levels; top level 2.16 hPa)","LICOM3.0 (LICOM3.0, tripolar primarily 1deg; 360 x 218 longitude/latitude; 30 levels; top grid cell 0-10 m)",CLM4.0,none,none,none,CICE4.0,none
FGOALS-g3,CAS,2017,GAMIL2 (180 x 90 longitude/latitude; 26 levels; top level 2.19hPa),"LICOM3.0 (LICOM3.0, tripolar primarily 1deg; 360 x 218 longitude/latitude; 30 levels; top grid cell 0-10 m)",CLM4.0,none,none,none,CICE4.0,none
FIO-ESM-2-0,FIO-QLNM,2018,CAM4 (0.9x1.25 finite volume grid; 192 x 288 longitude/latitude; 26 levels; top level ~2 hPa),"POP2-W (POP2 coupled with MASNUM surface wave model, Displaced Pole; 320 x 384 longitude/latitude; 60 levels; top grid cell 0-10 m)",CLM4.0 (same grid at atmos),none,Prescribed monthly fields,none,CICE4.0 (same grid as ocean),none
GFDL-AM4,NOAA-GFDL,2018,GFDL-AM4.0 (Cubed-sphere (c96) - 1 degree nominal horizontal resolution; 360 x 180 longitude/latitude; 33 levels; top level 1 hPa),none,GFDL-LM4.0,none,interactive,"fast chemistry, aerosol only",none,GFDL-LM4.0
GFDL-CM4,NOAA-GFDL,2018,GFDL-AM4.0.1 (Cubed-sphere (c96) - 1 degree nominal horizontal resolution; 360 x 180 longitude/latitude; 33 levels; top level 1 hPa),"GFDL-OM4p25 (GFDL-MOM6, tripolar - nominal 0.25 deg; 1440 x 1080 longitude/latitude; 75 levels; top grid cell 0-2 m)","GFDL-LM4.0.1 (1 degree nominal horizontal resolution; 360 x 180 longitude/latitude; 20 levels; bottom level 10m); land-Veg:unnamed (dynamic vegetation, dynamic land use); land-Hydro:unnamed (soil water and ice, multi-layer snow, rivers and lakes)",GFDL-BLINGv2,interactive,"fast chemistry, aerosol only","GFDL-SIM4p25 (GFDL-SIS2.0, tripolar - nominal 0.25 deg; 1440 x 1080 longitude/latitude; 5 layers; 5 thickness categories)",GFDL-LM4.0.1
GFDL-CM4C192,NOAA-GFDL,2018,GFDL-AM4C192 (Cubed-sphere (c192) - 0.5 degree nominal horizontal resolution; 720 x 360 longitude/latitude; 33 levels; top level 1 hPa),"GFDL-OM4p25 (GFDL-MOM6, tripolar - nominal 0.25 deg; 1440 x 1080 longitude/latitude; 75 levels; top grid cell 0-2 m)",GFDL-LM4.0.1,none,interactive,"fast chemistry, aerosol only","GFDL-SIM4p25 (GFDL-SIS2.0, tripolar - nominal 0.25 deg; 1440 x 1080 longitude/latitude; 5 layers; 5 thickness categories)",GFDL-LM4.0.1
GFDL-ESM2M,NOAA-GFDL,2012,GFDL-AM2 (144 x 90 longitude/latitude; 24 levels; top level 1 hPa),GFDL-MOM4p1 (tripolar - nominal 1 deg; 360 x 200 longitude/latitude; 50 levels; top grid cell 0-10 m),GFDL-LM3.0,GFDL-TOPAZ2,prescribed,prescribed,"GFDL-SIM2 (GFDL-SIS, tripolar - nominal 1 deg; 360 x 200 longitude/latitude; 3 layers; 5 thickness categories)",GFDL-LM3.0
GFDL-ESM4,NOAA-GFDL,2018,GFDL-AM4.1 (Cubed-sphere (c96) - 1 degree nominal horizontal resolution; 360 x 180 longitude/latitude; 49 levels; top level 1 Pa),"GFDL-OM4p5 (GFDL-MOM6, tripolar - nominal 0.5 deg; 720 x 576 longitude/latitude; 75 levels; top grid cell 0-2 m)",GFDL-LM4.1,GFDL-COBALTv2,interactive,GFDL-ATMCHEM4.1 (full atmospheric chemistry),"GFDL-SIM4p5 (GFDL-SIS2.0, tripolar - nominal 0.5 deg; 720 x 576 longitude/latitude; 5 layers; 5 thickness categories)",GFDL-LM4.1
GFDL-OM4p5B,NOAA-GFDL,2018,none,"GFDL-OM4p5 (GFDL-MOM6, tripolar - nominal 0.5 deg; 720 x 576 longitude/latitude; 75 levels; top grid cell 0-2 m)",none,GFDL-BLINGv2,none,none,"GFDL-SIM4p5 (GFDL-SIS2.0, tripolar - nominal 0.5 deg; 720 x 576 longitude/latitude; 5 layers; 5 thickness categories)",none
GISS-E2-1-G,NASA-GISS,2016,GISS-E2.1 (2.5x2 degree; 144 x 90 longitude/latitude; 40 levels; top level 0.1 hPa),GISS Ocean (1 degree; 360 x 180 latitude/longitude; 32 levels; top grid cell 0-10 m),GISS LSM,none,"Varies with physics-version (p==1 none, p==3 OMA, p==4 TOMAS, p==5 MATRIX)","Varies with physics-version (p==1 Non-interactive, p>1 GPUCCINI)",GISS SI,none
GISS-E2-1-H,NASA-GISS,2016,GISS-E2.1 (2.5x2 degree; 144 x 90 longitude/latitude; 40 levels; top level 0.1 hPa),HYCOM Ocean (~1 degree tripolar grid; 360 x 180 latitude/longitude; 26 levels; top grid cell 0-10 m),GISS LSM,none,"Varies with physics-version (p==1 none, p==3 OMA, p==4 TOMAS, p==5 MATRIX)","Varies with physics-version (p==1 Non-interactive, p>1 GPUCCINI)",GISS SI,none
GISS-E2-1-MA-G,NASA-GISS,2018,GISS-E2.1MA (2.5x2 degree; 144 x 90 longitude/latitude; 102 levels; top level 0.002 hPa),GISS Ocean (1 degree; 360 x 180 longitude/latitude; 32 levels; top grid cell 0-10 m),GISS LSM,none,"Varies with physics-version (p==1 none, p==3 OMA, p==4 TOMAS, p==5 MATRIX)","Varies with physics-version (p==1 Non-interactive, p>1 GPUCCINI)",GISS SI,none
GISS-E3-G,NASA-GISS,2018,"GISS-E3 (Cubed sphere, C90; 90 x 90 x 6 gridboxes/cubeface, grid resolution aligns with longitude/latitude along central lines for each cubeface; 102 levels; top level 0.002 hPa)",GISS Ocean (1 degree; 360 x 180 longitude/latitude; 32 levels; top grid cell 0-10 m),GISS LSM,none,"Varies with physics-version (p==1 none, p==3 OMA, p==4 TOMAS, p==5 MATRIX)","Varies with physics-version (p==1 Non-interactive, p>1 GPUCCINI)",GISS SI,none
HadGEM3-GC31-HH,MOHC,2016,MetUM-HadGEM3-GA7.1 (N512; 1024 x 768 longitude/latitude; 85 levels; top level 85 km),NEMO-HadGEM3-GO6.0 (eORCA12 tripolar primarily 1/12 deg; 4320 x 3604 longitude/latitude; 75 levels; top grid cell 0-1 m),JULES-HadGEM3-GL7.1,none,UKCA-GLOMAP-mode,none,CICE-HadGEM3-GSI8 (eORCA12 tripolar primarily 1/12 deg; 4320 x 3604 longitude/latitude),none
HadGEM3-GC31-HM,MOHC,2016,MetUM-HadGEM3-GA7.1 (N512; 1024 x 768 longitude/latitude; 85 levels; top level 85 km),NEMO-HadGEM3-GO6.0 (eORCA025 tripolar primarily 0.25 deg; 1440 x 1205 longitude/latitude; 75 levels; top grid cell 0-1 m),JULES-HadGEM3-GL7.1,none,UKCA-GLOMAP-mode,none,CICE-HadGEM3-GSI8 (eORCA025 tripolar primarily 0.25 deg; 1440 x 1205 longitude/latitude),none
HadGEM3-GC31-LL,MOHC,2016,MetUM-HadGEM3-GA7.1 (N96; 192 x 144 longitude/latitude; 85 levels; top level 85 km),NEMO-HadGEM3-GO6.0 (eORCA1 tripolar primarily 1 deg with meridional refinement down to 1/3 degree in the tropics; 360 x 330 longitude/latitude; 75 levels; top grid cell 0-1 m),JULES-HadGEM3-GL7.1,none,UKCA-GLOMAP-mode,none,CICE-HadGEM3-GSI8 (eORCA1 tripolar primarily 1 deg; 360 x 330 longitude/latitude),none
HadGEM3-GC31-LM,MOHC,2016,MetUM-HadGEM3-GA7.1 (N96; 192 x 144 longitude/latitude; 85 levels; top level 85 km),NEMO-HadGEM3-GO6.0 (eORCA025 tripolar primarily 0.25 deg; 1440 x 1205 longitude/latitude; 75 levels; top grid cell 0-1 m),JULES-HadGEM3-GL7.1,none,UKCA-GLOMAP-mode,none,CICE-HadGEM3-GSI8 (eORCA025 tripolar primarily 0.25 deg; 1440 x 1205 longitude/latitude),none
HadGEM3-GC31-MH,MOHC,2016,MetUM-HadGEM3-GA7.1 (N216; 432 x 324 longitude/latitude; 85 levels; top level 85 km),NEMO-HadGEM3-GO6.0 (eORCA12 tripolar primarily 1/12 deg; 4320 x 3604 longitude/latitude; 75 levels; top grid cell 0-1 m),JULES-HadGEM3-GL7.1,none,UKCA-GLOMAP-mode,none,CICE-HadGEM3-GSI8 (eORCA12 tripolar primarily 1/12 deg; 4320 x 3604 longitude/latitude),none
HadGEM3-GC31-MM,MOHC,2016,MetUM-HadGEM3-GA7.1 (N216; 432 x 324 longitude/latitude; 85 levels; top level 85 km),NEMO-HadGEM3-GO6.0 (eORCA025 tripolar primarily 0.25 deg; 1440 x 1205 longitude/latitude; 75 levels; top grid cell 0-1 m),JULES-HadGEM3-GL7.1,none,UKCA-GLOMAP-mode,none,CICE-HadGEM3-GSI8 (eORCA025 tripolar primarily 0.25 deg; 1440 x 1205 longitude/latitude),none
ICON-ESM-LR,MPI-M,2017,ICON-A (icosahedral/triangles; 160 km; 47 levels; top level 80 km),ICON-O (icosahedral/triangles; 40 km; 40 levels; top grid cell 0-12 m),JSBACH4.20,HAMOCC,"none, prescribed MACv2-SP",none,unnamed (thermodynamic (Semtner zero-layer) dynamic (Hibler 79) sea ice model),none/prescribed
IITM-ESM,CCCR-IITM,2015,"IITM-GFSv1 (T62L64, Linearly Reduced Gaussian Grid; 192 x 94 longitude/latitude; 64 levels; top level 0.2 mb)","MOM4p1 (tripolar, primarily 1deg; 360 x 200 longitude/latitude; 50 levels; top grid cell 0-10 m)",NOAH LSMv2.7.1,TOPAZv2.0,prescribed MAC-v2,none,SISv1.0,none
INM-CM4-8,INM,2016,INM-AM4-8 (2x1.5; 180 x 120 longitude/latitude; 21 levels; top level sigma = 0.01),"INM-OM5 (North Pole shifted to 60N, 90E; 360 x 318 longitude/latitude; 40 levels; sigma vertical coordinate)",INM-LND1,none,INM-AER1,none,INM-ICE1,none
INM-CM5-0,INM,2016,INM-AM5-0 (2x1.5; 180 x 120 longitude/latitude; 73 levels; top level sigma = 0.0002),"INM-OM5 (North Pole shifted to 60N, 90E. 0.5x0.25; 720 x 720 longitude/latitude; 40 levels; vertical sigma coordinate)",INM-LND1,none,INM-AER1,none,INM-ICE1,none
INM-CM5-H,INM,2016,INM-AM5-H (0.67x0.5; 540 x 360 longitude/latitude; 73 levels; top level sigma = 0.0002),"INM-OM5-H (North Pole shifted to 60N, 90E. 0.167x0.125; 2160x1440 longitude/latitude; 40 levels; vertical sigma coordinate)",INM-LND1,none,INM-AER1,none,INM-ICE1,none
IPSL-CM6A-ATM-HR,IPSL,2018,"LMDZ (NPv6, N256; 512 x 360 longitude/latitude; 79 levels; top level 40000 m)",none,"ORCHIDEE (v2.0, Water/Carbon/Energy mode)",none,none,none,none,none
IPSL-CM6A-LR,IPSL,2017,"LMDZ (NPv6, N96; 144 x 143 longitude/latitude; 79 levels; top level 40000 m)","NEMO-OPA (eORCA1.3, tripolar primarily 1deg; 362 x 332 longitude/latitude; 75 levels; top grid cell 0-2 m)","ORCHIDEE (v2.0, Water/Carbon/Energy mode)",NEMO-PISCES,none,none,NEMO-LIM3,none
IPSL-CM7A-ATM-HR,IPSL,2019,DYNAMICO-LMDZ (NPv6; 256000-point icosahedral-hexagonal; 79 levels; top level 40000 m),none,"ORCHIDEE (v2.2, Water/Carbon/Energy mode)",none,none,none,none,none
IPSL-CM7A-ATM-LR,IPSL,2019,DYNAMICO-LMDZ (NPv6; 16000-point icosahedral-hexagonal; 79 levels; top level 40000 m),none,"ORCHIDEE (v2.2, Water/Carbon/Energy mode)",none,none,none,none,none
KACE-1-0-G,NIMS-KMA,2018,MetUM-HadGEM3-GA7.1 (N96; 192 x 144 longitude/latitude; 85 levels; top level 85 km),MOM4p1 (tripolar primarily 1deg; 360 x 200 longitude/latitude; 50 levels; top grid cell 0-10 m),JULES-HadGEM3-GL7.1,none,UKCA-GLOMAP-mode,none,CICE-HadGEM3-GSI8 (tripolar primarily 1deg; 360 x 200 longitude/latitude),none
KIOST-ESM,KIOST,2018,GFDL-AM2.0 (cubed sphere (C48); 192 x 96 longitude/latitude; 32 vertical levels; top level 2 hPa),GFDL-MOM5.0 (tripolar - nominal 1.0 deg; 360 x 200 longitude/latitude; 52 levels; top grid cell 0-2 m; NK mixed layer scheme),NCAR-CLM4,TOPAZ2,none,Simple carbon aerosol model (emission type),GFDL-SIS,NCAR-CLM4
MCM-UA-1-0,UA,1991,"R30L14 (3.75 X 2.5 degree (long-lat) configuration; 96 x 80 longitude/latitude; 14 levels; top level 0.015 sigma, 15 mb)","MOM1.0 (MOM1, 1.875 X 2.5 deg; 192 x 80 longitude/latitude; 18 levels; top grid cell 0-40 m)","Standard Manabe bucket hydrology scheme (Manabe 1969, doi: 10.1175/1520-0493(1969)097<0739:CATOC>2.3.CO;2)",none,"Modifies surface albedoes (Haywood et al. 1997, doi: 10.1175/1520-0442(1997)010<1562:GCMCOT>2.0.CO;2)",none,Thermodynamic ice model (free drift dynamics),"Specified location - invariant in time, has high albedo and latent heat capacity"
MIROC-ES2H,MIROC,2018,CCSR AGCM (T85; 256 x 128 longitude/latitude; 81 levels; top level 0.004 hPa),COCO4.9 (tripolar primarily 1deg; 360 x 256 longitude/latitude; 63 levels; top grid cell 0-2 m),MATSIRO6.0+VISIT-e ver.1.0,OECO ver.2.0; NPZD-type with C/N/P/Fe/O cycles,SPRINTARS6.0,CHASER4.0,COCO4.9,none
MIROC-ES2L,MIROC,2018,CCSR AGCM (T42; 128 x 64 longitude/latitude; 40 levels; top level 3 hPa),COCO4.9 (tripolar primarily 1deg; 360 x 256 longitude/latitude; 63 levels; top grid cell 0-2 m),MATSIRO6.0+VISIT-e ver.1.0,OECO ver.2.0; NPZD-type with C/N/P/Fe/O cycles,SPRINTARS6.0,none,COCO4.9,none
MIROC6,MIROC,2017,CCSR AGCM (T85; 256 x 128 longitude/latitude; 81 levels; top level 0.004 hPa),COCO4.9 (tripolar primarily 1deg; 360 x 256 longitude/latitude; 63 levels; top grid cell 0-2 m),MATSIRO6.0,none,SPRINTARS6.0,none,COCO4.9,none
MPI-ESM-1-2-HAM,HAMMOZ-Consortium,2017,ECHAM6.3 (spectral T63; 192 x 96 longitude/latitude; 47 levels; top level 0.01 hPa),"MPIOM1.63 (bipolar GR1.5, approximately 1.5deg; 256 x 220 longitude/latitude; 40 levels; top grid cell 0-12 m)",JSBACH 3.20,HAMOCC6,HAM2.3,sulfur chemistry (unnamed),unnamed (thermodynamic (Semtner zero-layer) dynamic (Hibler 79) sea ice model),none
MPI-ESM1-2-HR,MPI-M,2017,ECHAM6.3 (spectral T127; 384 x 192 longitude/latitude; 95 levels; top level 0.01 hPa),"MPIOM1.63 (tripolar TP04, approximately 0.4deg; 802 x 404 longitude/latitude; 40 levels; top grid cell 0-12 m)",JSBACH3.20,HAMOCC6,"none, prescribed MACv2-SP",none,unnamed (thermodynamic (Semtner zero-layer) dynamic (Hibler 79) sea ice model),none/prescribed
MPI-ESM1-2-LR,MPI-M,2017,ECHAM6.3 (spectral T63; 192 x 96 longitude/latitude; 47 levels; top level 0.01 hPa),"MPIOM1.63 (bipolar GR1.5, approximately 1.5deg; 256 x 220 longitude/latitude; 40 levels; top grid cell 0-12 m)",JSBACH3.20,HAMOCC6,"none, prescribed MACv2-SP",none,unnamed (thermodynamic (Semtner zero-layer) dynamic (Hibler 79) sea ice model),none/prescribed
MPI-ESM1-2-XR,MPI-M,2017,ECHAM6.3 (spectral T255; 768 x 384 longitude/latitude; 95 levels; top level 0.01 hPa),"MPIOM1.63 (tripolar TP04, approximately 0.4deg; 802 x 404 longitude/latitude; 40 levels; top grid cell 0-12 m)",JSBACH3.20,HAMOCC6,"none, prescribed MACv2-SP",none,unnamed (thermodynamic (Semtner zero-layer) dynamic (Hibler 79) sea ice model),none/prescribed
MRI-AGCM3-2-H,MRI,2017,MRI-AGCM3.2H (TL319; 640 x 320 longitude/latitude; 64 levels; top level 0.01 hPa),none,SIB0109,none,Prescribed from MRI-ESM2.0,none,none,none
MRI-AGCM3-2-S,MRI,2017,MRI-AGCM3.2S (TL959; 1920 x 960 longitude/latitude; 64 levels; top level 0.01 hPa),none,SIB0109,none,Prescribed from MRI-ESM2.0,none,none,none
MRI-ESM2-0,MRI,2017,MRI-AGCM3.5 (TL159; 320 x 160 longitude/latitude; 80 levels; top level 0.01 hPa),MRI.COM4.4 (tripolar primarily 0.5 deg latitude/1 deg longitude with meridional refinement down to 0.3 deg within 10 degrees north and south of the equator; 360 x 364 longitude/latitude; 61 levels; top grid cell 0-2 m),HAL 1.0,MRI.COM4.4,MASINGAR mk2r4 (TL95; 192 x 96 longitude/latitude; 80 levels; top level 0.01 hPa),MRI-CCM2.1 (T42; 128 x 64 longitude/latitude; 80 levels; top level 0.01 hPa),MRI.COM4.4,none
NESM3,NUIST,2016,ECHAM v6.3 (T63; 192 x 96 longitude/latitude; 47 levels; top level 1 Pa),"NEMO v3.4 (NEMO v3.4, tripolar primarily 1deg; 384 x 362 longitude/latitude; 46 levels; top grid cell 0-6 m)",JSBACH v3.1,none,none,none,CICE4.1,none
NICAM16-7S,MIROC,2017,"NICAM.16 (56km icosahedral grid; 163,842 grid cells (=10*4^7+2); 38 levels; top level 40 km)",none,MATSIRO6 (w/o MOSAIC),none,Prescribed MACv2-SP,none,Fixed,none
NICAM16-8S,MIROC,2017,"NICAM.16 (28km icosahedral grid; 655,362 grid cells (=10*4^8+2); 38 levels; top level 40 km)",none,MATSIRO6 (w/o MOSAIC),none,Prescribed MACv2-SP,none,Fixed,none
NICAM16-9D-L78,MIROC,2017,"NICAM.16 (14km icosahedral grid; 2,621,442 grid cells (=10*4^9+2); 78 levels; top level 40 km)",none,MATSIRO6 (w/o MOSAIC),none,Prescribed MACv2-SP,none,Fixed,none
NICAM16-9S,MIROC,2017,"NICAM.16 (14km icosahedral grid; 2,621,442 grid cells (=10*4^9+2); 38 levels; top level 40 km)",none,MATSIRO6 (w/o MOSAIC),none,Prescribed MACv2-SP,none,Fixed,none
NorESM1-LM,NCC,2019,CAM-OSLO4.1 (2 degree resolution; 144 x 96 longitude/latitude; 26 levels; top level ~2 hPa),MICOM1.1 (1 degree resolution; 320 x 384 longitude/latitude; 53 levels; top grid cell 0-2.5 m [native model uses hybrid density and generic upper-layer coordinate interpolated to z-level for contributed data]),CLM4 (same grid as atmos),HAMOCC5.1 (same grid as ocean),OsloAero4.1 (same grid as atmos),OsloChemSimp4.1 (same grid as atmos),CICE4 (same grid as ocean),none
NorESM2-HH,NCC,2018,CAM-OSLO (0.25 degree resolution; 1152 x 768; 32 levels; top level 3 mb),MICOM (0.25 degree resolution; 1440 x 1152; 70 levels; top grid cell minimum 0-2.5 m [native model uses hybrid density and generic upper-layer coordinate interpolated to z-level for contributed data]),CLM,HAMOCC,OsloAero,OsloChemSimp,CICE,CISM
NorESM2-LM,NCC,2017,CAM-OSLO (2 degree resolution; 144 x 96; 32 levels; top level 3 mb),MICOM (1 degree resolution; 360 x 384; 70 levels; top grid cell minimum 0-2.5 m [native model uses hybrid density and generic upper-layer coordinate interpolated to z-level for contributed data]),CLM,HAMOCC,OsloAero,OsloChemSimp,CICE,CISM
NorESM2-LME,NCC,2017,CAM-OSLO (2 degree resolution; 144 x 96; 32 levels; top level 3 mb),MICOM (1 degree resolution; 360 x 384; 70 levels; top grid cell minimum 0-2.5 m [native model uses hybrid density and generic upper-layer coordinate interpolated to z-level for contributed data]),CLM,HAMOCC,OsloAero,OsloChemSimp,CICE,CISM
NorESM2-LMEC,NCC,2017,CAM-OSLO (2 degree resolution; 144 x 96; 32 levels; top level 3 mb),MICOM (1 degree resolution; 360 x 384; 70 levels; top grid cell minimum 0-2.5 m [native model uses hybrid density and generic upper-layer coordinate interpolated to z-level for contributed data]),CLM,HAMOCC,OsloAero,OsloChemComp,CICE,CISM
NorESM2-MH,NCC,2017,CAM-OSLO (1 degree resolution; 288 x 192; 32 levels; top level 3 mb),MICOM (0.25 degree resolution; 1440 x 1152; 70 levels; top grid cell minimum 0-2.5 m [native model uses hybrid density and generic upper-layer coordinate interpolated to z-level for contributed data]),CLM,HAMOCC,OsloAero,OsloChemSimp,CICE,CISM
NorESM2-MM,NCC,2017,CAM-OSLO (1 degree resolution; 288 x 192; 32 levels; top level 3 mb),MICOM (1 degree resolution; 360 x 384; 70 levels; top grid cell minimum 0-2.5 m [native model uses hybrid density and generic upper-layer coordinate interpolated to z-level for contributed data]),CLM,HAMOCC,OsloAero,OsloChemSimp,CICE,CISM
PCMDI-test-1-0,PCMDI,1989,Earth1.0-gettingHotter (360 x 180 longitude/latitude; 50 levels; top level 0.1 mb),BlueMarble1.0-warming (360 x 180 longitude/latitude; 50 levels; top grid cell 0-10 m),Earth1.0,none,none,none,Declining1.0-warming (360 x 180 longitude/latitude),none
SAM0-UNICON,SNU,2017,CAM5.3 with UNICON (1deg; 288 x 192 longitude/latitude; 30 levels; top level ~2 hPa),POP2 (Displaced Pole; 320 x 384 longitude/latitude; 60 levels; top grid cell 0-10 m),CLM4.0,none,MAM3,none,CICE4.0,none
TaiESM1,AS-RCEC,2018,TaiAM1 (0.9x1.25 degree; 288 x 192 longitude/latitude; 30 levels; top level ~2 hPa),POP2 (320x384 longitude/latitude; 60 levels; top grid cell 0-10 m),CLM4.0 (same grid as atmos),none,SNAP (same grid as atmos),SNAP (same grid as atmos),CICE4,none
UKESM1-0-LL,MOHC,2018,MetUM-HadGEM3-GA7.1 (N96; 192 x 144 longitude/latitude; 85 levels; top level 85 km),NEMO-HadGEM3-GO6.0 (eORCA1 tripolar primarily 1 deg with meridional refinement down to 1/3 degree in the tropics; 360 x 330 longitude/latitude; 75 levels; top grid cell 0-1 m),JULES-ES-1.0,MEDUSA2,UKCA-GLOMAP-mode,UKCA-StratTrop,CICE-HadGEM3-GSI8 (eORCA1 tripolar primarily 1 deg; 360 x 330 longitude/latitude),none
UKESM1-0-MMh,MOHC,2018,MetUM-HadGEM3-GA7.1 (N216; 432 x 324 longitude/latitude; 85 levels; top level 85 km),NEMO-HadGEM3-GO6.0 (eORCA025 tripolar primarily 0.25 deg; 1440 x 1205 longitude/latitude; 75 levels; top grid cell 0-1 m),JULES-ES-1.0,MEDUSA2 (horizontal resolution degraded relative to that used for ocean physics),UKCA-GLOMAP-mode (horizontal resolution degraded relative to that used for atmosphere physics),UKCA-StratTrop (horizontal resolution degraded relative to that used for atmosphere physics),CICE-HadGEM3-GSI8 (eORCA025 tripolar primarily 0.25 deg; 1440 x 1205 longitude/latitude),none
UofT-CCSM4,UofT,2014,CAM4 (finite-volume dynamical core; 288 x 192 longitude/latitude; 26 levels; top level ~2 hPa),POP2 (displaced dipole grid; 384 x 320 longitude/latitude; 60 levels; top grid cell 0-10 m),CLM4,none,unnamed,none,CICE4,none
VRESM-1-0,CSIR-Wits-CSIRO,2016,VCAM-1.0 (C192; 192 x 192 x 6 longitude/latitude/cubeface; 35 levels; top level 35km),VCOM-1.0 (C192; 384 x 384 x 6 longitude/latitude/cubeface; 35 levels; top grid cell 0-10 m),CABLE v2.2.3,PISCES v3.4socco,Rotstayn-1.0,none,CSIR-ICE (visco-plastic),none